-- Kompletne dane do wstawienia w Neon PostgreSQL

-- Bloki
INSERT INTO blocks (id, name, description, delivery_date, total_floors, total_apartments, created_at) VALUES
(1, 'Blok 1', 'Blok mieszkalny Blok 1', 'koniec 2026', 4, 47, '2025-09-02 22:16:07'),
(2, 'Blok 2', 'Blok mieszkalny Blok 2', 'koniec 2027', 4, 40, '2025-09-02 22:16:07');

-- Piętra
INSERT INTO floors (id, block_id, floor_number, floor_name, total_apartments) VALUES
(1, 1, 0, 'parter', 16),
(2, 1, 1, 'pietro1', 16),
(3, 1, 2, 'pietro2', 14),
(4, 2, 0, 'parter', 13),
(5, 2, 1, 'pietro1', 13),
(6, 2, 2, 'pietro2', 13),
(7, 1, -1, 'piwnica', 0),
(8, 2, -1, 'piwnica', 0);

-- Mieszkania
INSERT INTO apartments (id, block_id, floor_id, apartment_number, area, rooms, price, status, pdf_path, storage_pdf_path, created_at) VALUES
(1, 1, 1, 'M1', 25.29, 1, 192204, 'available', '/images/imagemaps_apartments_structure/blok1/parter/M1/M1.pdf', '/images/imagemaps_apartments_structure/blok1/parter/M1/M1 - komórka.pdf', '2025-09-02 22:16:07'),
(2, 1, 1, 'M2', 54.76, 3, 380092, 'unavailable', '/images/imagemaps_apartments_structure/blok1/parter/M2/M2.pdf', '/images/imagemaps_apartments_structure/blok1/parter/M2/M2 - komórka.pdf', '2025-09-02 22:16:07'),
(3, 1, 1, 'M3', 59.09, 3, 398785, 'unavailable', '/images/imagemaps_apartments_structure/blok1/parter/M3/M3.pdf', '/images/imagemaps_apartments_structure/blok1/parter/M3/M3 - komórka.pdf', '2025-09-02 22:16:07'),
(4, 1, 1, 'M4', 47.98, 3, 311870, 'unavailable', '/images/imagemaps_apartments_structure/blok1/parter/M4/M4.pdf', '/images/imagemaps_apartments_structure/blok1/parter/M4/M4 - komórka.pdf', '2025-09-02 22:16:07'),
(5, 1, 1, 'M5', 34.41, 2, 227265, 'unavailable', '/images/imagemaps_apartments_structure/blok1/parter/M5/M5.pdf', '/images/imagemaps_apartments_structure/blok1/parter/M5/M5 - komórka.pdf', '2025-09-02 22:16:07'),
(6, 1, 1, 'M6', 42.01, 2, 273065, 'unavailable', '/images/imagemaps_apartments_structure/blok1/parter/M6/M6.pdf', '/images/imagemaps_apartments_structure/blok1/parter/M6/M6 - komórka.pdf', '2025-09-02 22:16:07'),
(7, 1, 1, 'M7', 37.38, 2, 276612, 'available', '/images/imagemaps_apartments_structure/blok1/parter/M7/M7.pdf', '/images/imagemaps_apartments_structure/blok1/parter/M7/M7 - komórka.pdf', '2025-09-02 22:16:07'),
(8, 1, 1, 'M8', 33.43, 2, 247382, 'available', '/images/imagemaps_apartments_structure/blok1/parter/M8/M8.pdf', '/images/imagemaps_apartments_structure/blok1/parter/M8/M8 - komórka.pdf', '2025-09-02 22:16:07'),
(9, 1, 1, 'M25', 25.29, 1, 192204, 'available', '/images/imagemaps_apartments_structure/blok1/parter/M25/M25.pdf', '/images/imagemaps_apartments_structure/blok1/parter/M25/M25 - komórka.pdf', '2025-09-02 22:16:07'),
(10, 1, 1, 'M26', 54.77, 3, 383390, 'unavailable', '/images/imagemaps_apartments_structure/blok1/parter/M26/M26.pdf', '/images/imagemaps_apartments_structure/blok1/parter/M26/M26 - komórka.pdf', '2025-09-02 22:16:07'),
(11, 1, 1, 'M27', 59.09, 3, 394085, 'unavailable', '/images/imagemaps_apartments_structure/blok1/parter/M27/M27.pdf', '/images/imagemaps_apartments_structure/blok1/parter/M27/M27 - komórka.pdf', '2025-09-02 22:16:07'),
(12, 1, 1, 'M28', 47.98, 3, 311870, 'unavailable', '/images/imagemaps_apartments_structure/blok1/parter/M28/M28.pdf', '/images/imagemaps_apartments_structure/blok1/parter/M28/M28 - komórka.pdf', '2025-09-02 22:16:07'),
(13, 1, 1, 'M29', 34.41, 2, 255000, 'unavailable', '/images/imagemaps_apartments_structure/blok1/parter/M29/M29.pdf', '/images/imagemaps_apartments_structure/blok1/parter/M29/M29 - komórka.pdf', '2025-09-02 22:16:07'),
(14, 1, 1, 'M30', 42.01, 2, 300000, 'unavailable', '/images/imagemaps_apartments_structure/blok1/parter/M30/M30.pdf', '/images/imagemaps_apartments_structure/blok1/parter/M30/M30 - komórka.pdf', '2025-09-02 22:16:07'),
(15, 1, 1, 'M31', 37.38, 2, 276612, 'available', '/images/imagemaps_apartments_structure/blok1/parter/M31/M31.pdf', '/images/imagemaps_apartments_structure/blok1/parter/M31/M31 - komórka.pdf', '2025-09-02 22:16:07'),
(16, 1, 1, 'M32', 33.43, 2, 247382, 'available', '/images/imagemaps_apartments_structure/blok1/parter/M32/M32.pdf', '/images/imagemaps_apartments_structure/blok1/parter/M32/M32 - komórka.pdf', '2025-09-02 22:16:07'),
(17, 1, 2, 'M9', 39.73, 2, 274137, 'unavailable', '/images/imagemaps_apartments_structure/blok1/pietro1/M9/M9.pdf', '/images/imagemaps_apartments_structure/blok1/pietro1/M9/M9 - komórka.pdf', '2025-09-02 22:16:07'),
(18, 1, 2, 'M10', 54.63, 3, 355095, 'unavailable', '/images/imagemaps_apartments_structure/blok1/pietro1/M10/M10.pdf', '/images/imagemaps_apartments_structure/blok1/pietro1/M10/M10 - komórka.pdf', '2025-09-02 22:16:07'),
(19, 1, 2, 'M11', 58.9, 3, 406410, 'unavailable', '/images/imagemaps_apartments_structure/blok1/pietro1/M11/M11.pdf', '/images/imagemaps_apartments_structure/blok1/pietro1/M11/M11 - komórka.pdf', '2025-09-02 22:16:07'),
(20, 1, 2, 'M12', 47.85, 3, 320595, 'unavailable', '/images/imagemaps_apartments_structure/blok1/pietro1/M12/M12.pdf', '/images/imagemaps_apartments_structure/blok1/pietro1/M12/M12 - komórka.pdf', '2025-09-02 22:16:07'),
(21, 1, 2, 'M13', 34.29, 2, 253746, 'unavailable', '/images/imagemaps_apartments_structure/blok1/pietro1/M13/M13.pdf', '/images/imagemaps_apartments_structure/blok1/pietro1/M13/M13 - komórka.pdf', '2025-09-02 22:16:07'),
(22, 1, 2, 'M14', 41.94, 2, 300000, 'unavailable', '/images/imagemaps_apartments_structure/blok1/pietro1/M14/M14.pdf', '/images/imagemaps_apartments_structure/blok1/pietro1/M14/M14 - komórka.pdf', '2025-09-02 22:16:07'),
(23, 1, 2, 'M15', 37.27, 2, 253436, 'unavailable', '/images/imagemaps_apartments_structure/blok1/pietro1/M15/M15.pdf', '/images/imagemaps_apartments_structure/blok1/pietro1/M15/M15 - komórka.pdf', '2025-09-02 22:16:07'),
(24, 1, 2, 'M16', 33.29, 2, 229701, 'unavailable', '/images/imagemaps_apartments_structure/blok1/pietro1/M16/M16.pdf', '/images/imagemaps_apartments_structure/blok1/pietro1/M16/M16 - komórka.pdf', '2025-09-02 22:16:07'),
(25, 1, 2, 'M33', 39.73, 2, 288000, 'unavailable', '/images/imagemaps_apartments_structure/blok1/pietro1/M33/M33.pdf', '/images/imagemaps_apartments_structure/blok1/pietro1/M33/M33 - komórka.pdf', '2025-09-02 22:16:07'),
(26, 1, 2, 'M34', 54.63, 3, 355095, 'unavailable', '/images/imagemaps_apartments_structure/blok1/pietro1/M34/M34.pdf', '/images/imagemaps_apartments_structure/blok1/pietro1/M34/M34 - komórka.pdf', '2025-09-02 22:16:07'),
(27, 1, 2, 'M35', 58.9, 3, 406410, 'unavailable', '/images/imagemaps_apartments_structure/blok1/pietro1/M35/M35.pdf', '/images/imagemaps_apartments_structure/blok1/pietro1/M35/M35 - komórka.pdf', '2025-09-02 22:16:07'),
(28, 1, 2, 'M36', 47.85, 3, 344520, 'unavailable', '/images/imagemaps_apartments_structure/blok1/pietro1/M36/M36.pdf', '/images/imagemaps_apartments_structure/blok1/pietro1/M36/M36 - komórka.pdf', '2025-09-02 22:16:07'),
(29, 1, 2, 'M37', 34.29, 2, 220000, 'unavailable', '/images/imagemaps_apartments_structure/blok1/pietro1/M37/M37.pdf', '/images/imagemaps_apartments_structure/blok1/pietro1/M37/M37 - komórka.pdf', '2025-09-02 22:16:07'),
(30, 1, 2, 'M38', 41.94, 2, 300000, 'unavailable', '/images/imagemaps_apartments_structure/blok1/pietro1/M38/M38.pdf', '/images/imagemaps_apartments_structure/blok1/pietro1/M38/M38 - komórka.pdf', '2025-09-02 22:16:07'),
(31, 1, 2, 'M39', 37.27, 2, 257163, 'unavailable', '/images/imagemaps_apartments_structure/blok1/pietro1/M39/M39.pdf', '/images/imagemaps_apartments_structure/blok1/pietro1/M39/M39 - komórka.pdf', '2025-09-02 22:16:07'),
(32, 1, 2, 'M40', 33.29, 2, 200000, 'unavailable', '/images/imagemaps_apartments_structure/blok1/pietro1/M40/M40.pdf', '/images/imagemaps_apartments_structure/blok1/pietro1/M40/M40 - komórka.pdf', '2025-09-02 22:16:07'),
(33, 1, 3, 'M17', 39.65, 2, 257725, 'unavailable', '/images/imagemaps_apartments_structure/blok1/pietro2/M17/M17.pdf', '/images/imagemaps_apartments_structure/blok1/pietro2/M17/M17 - komórka.pdf', '2025-09-02 22:16:07'),
(34, 1, 3, 'M18', 54.49, 3, 354185, 'unavailable', '/images/imagemaps_apartments_structure/blok1/pietro2/M18/M18.pdf', '/images/imagemaps_apartments_structure/blok1/pietro2/M18/M18 - komórka.pdf', '2025-09-02 22:16:07'),
(35, 1, 3, 'M19', 58.73, 3, 393491.41, 'unavailable', '/images/imagemaps_apartments_structure/blok1/pietro2/M19/M19.pdf', '/images/imagemaps_apartments_structure/blok1/pietro2/M19/M19 - komórka.pdf', '2025-09-02 22:16:07'),
(36, 1, 3, 'M20', 47.83, 3, 310895, 'unavailable', '/images/imagemaps_apartments_structure/blok1/pietro2/M20/M20.pdf', '/images/imagemaps_apartments_structure/blok1/pietro2/M20/M20 - komórka.pdf', '2025-09-02 22:16:07'),
(37, 1, 3, 'M21', 34.22, 2, 222430, 'unavailable', '/images/imagemaps_apartments_structure/blok1/pietro2/M21/M21.pdf', '/images/imagemaps_apartments_structure/blok1/pietro2/M21/M21 - komórka.pdf', '2025-09-02 22:16:07'),
(38, 1, 3, 'M22', 41.8, 2, 250800, 'unavailable', '/images/imagemaps_apartments_structure/blok1/pietro2/M22/M22.pdf', '/images/imagemaps_apartments_structure/blok1/pietro2/M22/M22 - komórka.pdf', '2025-09-02 22:16:07'),
(39, 1, 3, 'M23.24', 71.65, 4, 465725, 'unavailable', '/images/imagemaps_apartments_structure/blok1/pietro2/M23.24/M23.24.pdf', '/images/imagemaps_apartments_structure/blok1/pietro2/M23.24/M23.24 - komórka.pdf', '2025-09-02 22:16:07'),
(40, 1, 3, 'M41', 39.65, 2, 293410, 'available', '/images/imagemaps_apartments_structure/blok1/pietro2/M41/M41.pdf', '/images/imagemaps_apartments_structure/blok1/pietro2/M41/M41 - komórka.pdf', '2025-09-02 22:16:07'),
(41, 1, 3, 'M42', 54.49, 3, 354185, 'unavailable', '/images/imagemaps_apartments_structure/blok1/pietro2/M42/M42.pdf', '/images/imagemaps_apartments_structure/blok1/pietro2/M42/M42 - komórka.pdf', '2025-09-02 22:16:07'),
(42, 1, 3, 'M43', 58.73, 3, 410000, 'unavailable', '/images/imagemaps_apartments_structure/blok1/pietro2/M43/M43.pdf', '/images/imagemaps_apartments_structure/blok1/pietro2/M43/M43 - komórka.pdf', '2025-09-02 22:16:07'),
(43, 1, 3, 'M44', 47.83, 3, 344376, 'unavailable', '/images/imagemaps_apartments_structure/blok1/pietro2/M44/M44.pdf', '/images/imagemaps_apartments_structure/blok1/pietro2/M44/M44 - komórka.pdf', '2025-09-02 22:16:07'),
(44, 1, 3, 'M45', 34.22, 2, 253228, 'unavailable', '/images/imagemaps_apartments_structure/blok1/pietro2/M45/M45.pdf', '/images/imagemaps_apartments_structure/blok1/pietro2/M45/M45 - komórka.pdf', '2025-09-02 22:16:07'),
(45, 1, 3, 'M46', 41.8, 2, 300960, 'unavailable', '/images/imagemaps_apartments_structure/blok1/pietro2/M46/M46.pdf', '/images/imagemaps_apartments_structure/blok1/pietro2/M46/M46 - komórka.pdf', '2025-09-02 22:16:07'),
(46, 1, 3, 'M47.48', 71.65, 4, 465725, 'unavailable', '/images/imagemaps_apartments_structure/blok1/pietro2/M47.48/M47.48.pdf', '/images/imagemaps_apartments_structure/blok1/pietro2/M47.48/M47.48 - komórka.pdf', '2025-09-02 22:16:07'),
(47, 2, 4, 'M1', 55.13, 3, 407962, 'available', '/images/imagemaps_apartments_structure/blok2/parter/M1/M1.pdf', '/images/imagemaps_apartments_structure/blok2/parter/M1/M1 - komórka.pdf', '2025-09-02 22:16:07'),
(48, 2, 4, 'M2', 62.12, 3, 455064, 'available', '/images/imagemaps_apartments_structure/blok2/parter/M2/M2.pdf', '/images/imagemaps_apartments_structure/blok2/parter/M2/M2 - komórka.pdf', '2025-09-02 22:16:07'),
(49, 2, 4, 'M3', 38.84, 2, 307752, 'available', '/images/imagemaps_apartments_structure/blok2/parter/M3/M3.pdf', '/images/imagemaps_apartments_structure/blok2/parter/M3/M3 - komórka.pdf', '2025-09-02 22:16:07'),
(50, 2, 4, 'M4', 47.85, 3, 380160, 'available', '/images/imagemaps_apartments_structure/blok2/parter/M4/M4.pdf', '/images/imagemaps_apartments_structure/blok2/parter/M4/M4 - komórka.pdf', '2025-09-02 22:16:07'),
(51, 2, 4, 'M5', 43.71, 2, 338196, 'available', '/images/imagemaps_apartments_structure/blok2/parter/M5/M5.pdf', '/images/imagemaps_apartments_structure/blok2/parter/M5/M5 - komórka.pdf', '2025-09-02 22:16:07'),
(52, 2, 4, 'M6', 53, 3, 410200, 'available', '/images/imagemaps_apartments_structure/blok2/parter/M6/M6.pdf', '/images/imagemaps_apartments_structure/blok2/parter/M6/M6 - komórka.pdf', '2025-09-02 22:16:07'),
(53, 2, 4, 'M7', 50.54, 3, 382246, 'available', '/images/imagemaps_apartments_structure/blok2/parter/M7/M7.pdf', '/images/imagemaps_apartments_structure/blok2/parter/M7/M7 - komórka.pdf', '2025-09-02 22:16:07'),
(54, 2, 4, 'M22', 40.12, 2, 304912, 'available', '/images/imagemaps_apartments_structure/blok2/parter/M22/M22.pdf', '/images/imagemaps_apartments_structure/blok2/parter/M22/M22 - komórka.pdf', '2025-09-02 22:16:07'),
(55, 2, 4, 'M23', 57.9, 3, 438210, 'available', '/images/imagemaps_apartments_structure/blok2/parter/M23/M23.pdf', '/images/imagemaps_apartments_structure/blok2/parter/M23/M23 - komórka.pdf', '2025-09-02 22:16:07'),
(56, 2, 4, 'M24', 47.94, 3, 380094, 'available', '/images/imagemaps_apartments_structure/blok2/parter/M24/M24.pdf', '/images/imagemaps_apartments_structure/blok2/parter/M24/M24 - komórka.pdf', '2025-09-02 22:16:07'),
(57, 2, 4, 'M25', 34.38, 2, 271914, 'available', '/images/imagemaps_apartments_structure/blok2/parter/M25/M25.pdf', '/images/imagemaps_apartments_structure/blok2/parter/M25/M25 - komórka.pdf', '2025-09-02 22:16:07'),
(58, 2, 4, 'M26', 44.37, 2, 342012, 'available', '/images/imagemaps_apartments_structure/blok2/parter/M26/M26.pdf', '/images/imagemaps_apartments_structure/blok2/parter/M26/M26 - komórka.pdf', '2025-09-02 22:16:07'),
(59, 2, 4, 'M27', 45.36, 3, 353736, 'available', '/images/imagemaps_apartments_structure/blok2/parter/M27/M27.pdf', '/images/imagemaps_apartments_structure/blok2/parter/M27/M27 - komórka.pdf', '2025-09-02 22:16:07'),
(60, 2, 5, 'M8', 54.96, 3, 406704, 'available', '/images/imagemaps_apartments_structure/blok2/pietro1/M8/M8.pdf', '/images/imagemaps_apartments_structure/blok2/pietro1/M8/M8 - komórka.pdf', '2025-09-02 22:16:07'),
(61, 2, 5, 'M9', 61.89, 3, 445608, 'available', '/images/imagemaps_apartments_structure/blok2/pietro1/M9/M9.pdf', '/images/imagemaps_apartments_structure/blok2/pietro1/M9/M9 - komórka.pdf', '2025-09-02 22:16:07'),
(62, 2, 5, 'M10', 38.71, 2, 301938, 'available', '/images/imagemaps_apartments_structure/blok2/pietro1/M10/M10.pdf', '/images/imagemaps_apartments_structure/blok2/pietro1/M10/M10 - komórka.pdf', '2025-09-02 22:16:07'),
(63, 2, 5, 'M11', 47.73, 3, 362748, 'available', '/images/imagemaps_apartments_structure/blok2/pietro1/M11/M11.pdf', '/images/imagemaps_apartments_structure/blok2/pietro1/M11/M11 - komórka.pdf', '2025-09-02 22:16:07'),
(64, 2, 5, 'M12', 43.54, 2, 330904, 'available', '/images/imagemaps_apartments_structure/blok2/pietro1/M12/M12.pdf', '/images/imagemaps_apartments_structure/blok2/pietro1/M12/M12 - komórka.pdf', '2025-09-02 22:16:07'),
(65, 2, 5, 'M13', 55.1, 3, 407740, 'available', '/images/imagemaps_apartments_structure/blok2/pietro1/M13/M13.pdf', '/images/imagemaps_apartments_structure/blok2/pietro1/M13/M13 - komórka.pdf', '2025-09-02 22:16:07'),
(66, 2, 5, 'M14', 81.06, 4, 551208, 'available', '/images/imagemaps_apartments_structure/blok2/pietro1/M14/M14.pdf', '/images/imagemaps_apartments_structure/blok2/pietro1/M14/M14 - komórka.pdf', '2025-09-02 22:16:07'),
(67, 2, 5, 'M28', 39.98, 2, 311844, 'available', '/images/imagemaps_apartments_structure/blok2/pietro1/M28/M28.pdf', '/images/imagemaps_apartments_structure/blok2/pietro1/M28/M28 - komórka.pdf', '2025-09-02 22:16:07'),
(68, 2, 5, 'M29', 57.77, 3, 427498, 'available', '/images/imagemaps_apartments_structure/blok2/pietro1/M29/M29.pdf', '/images/imagemaps_apartments_structure/blok2/pietro1/M29/M29 - komórka.pdf', '2025-09-02 22:16:07'),
(69, 2, 5, 'M30', 47.83, 3, 363508, 'available', '/images/imagemaps_apartments_structure/blok2/pietro1/M30/M30.pdf', '/images/imagemaps_apartments_structure/blok2/pietro1/M30/M30 - komórka.pdf', '2025-09-02 22:16:07'),
(70, 2, 5, 'M31', 34.26, 2, 267228, 'available', '/images/imagemaps_apartments_structure/blok2/pietro1/M31/M31.pdf', '/images/imagemaps_apartments_structure/blok2/pietro1/M31/M31 - komórka.pdf', '2025-09-02 22:16:07'),
(71, 2, 5, 'M32', 44.23, 2, 336148, 'available', '/images/imagemaps_apartments_structure/blok2/pietro1/M32/M32.pdf', '/images/imagemaps_apartments_structure/blok2/pietro1/M32/M32 - komórka.pdf', '2025-09-02 22:16:07'),
(72, 2, 5, 'M33', 60.85, 3, 438120, 'available', '/images/imagemaps_apartments_structure/blok2/pietro1/M33/M33.pdf', '/images/imagemaps_apartments_structure/blok2/pietro1/M33/M33 - komórka.pdf', '2025-09-02 22:16:07'),
(73, 2, 6, 'M15', 54.8, 3, 405520, 'available', '/images/imagemaps_apartments_structure/blok2/pietro2/M15/M15.pdf', '/images/imagemaps_apartments_structure/blok2/pietro2/M15/M15 - komórka.pdf', '2025-09-02 22:16:07'),
(74, 2, 6, 'M16', 61.63, 3, 443736, 'available', '/images/imagemaps_apartments_structure/blok2/pietro2/M16/M16.pdf', '/images/imagemaps_apartments_structure/blok2/pietro2/M16/M16 - komórka.pdf', '2025-09-02 22:16:07'),
(75, 2, 6, 'M17', 38.5, 2, 300300, 'available', '/images/imagemaps_apartments_structure/blok2/pietro2/M17/M17.pdf', '/images/imagemaps_apartments_structure/blok2/pietro2/M17/M17 - komórka.pdf', '2025-09-02 22:16:07'),
(76, 2, 6, 'M18', 47.62, 3, 361912, 'available', '/images/imagemaps_apartments_structure/blok2/pietro2/M18/M18.pdf', '/images/imagemaps_apartments_structure/blok2/pietro2/M18/M18 - komórka.pdf', '2025-09-02 22:16:07'),
(77, 2, 6, 'M19', 43.37, 2, 329612, 'available', '/images/imagemaps_apartments_structure/blok2/pietro2/M19/M19.pdf', '/images/imagemaps_apartments_structure/blok2/pietro2/M19/M19 - komórka.pdf', '2025-09-02 22:16:07'),
(78, 2, 6, 'M20', 55.04, 3, 407296, 'available', '/images/imagemaps_apartments_structure/blok2/pietro2/M20/M20.pdf', '/images/imagemaps_apartments_structure/blok2/pietro2/M20/M20 - komórka.pdf', '2025-09-02 22:16:07'),
(79, 2, 6, 'M21', 80.83, 4, 549644, 'available', '/images/imagemaps_apartments_structure/blok2/pietro2/M21/M21.pdf', '/images/imagemaps_apartments_structure/blok2/pietro2/M21/M21 - komórka.pdf', '2025-09-02 22:16:07'),
(80, 2, 6, 'M34', 39.86, 2, 310908, 'available', '/images/imagemaps_apartments_structure/blok2/pietro2/M34/M34.pdf', '/images/imagemaps_apartments_structure/blok2/pietro2/M34/M34 - komórka.pdf', '2025-09-02 22:16:07'),
(81, 2, 6, 'M35', 57.63, 3, 426462, 'available', '/images/imagemaps_apartments_structure/blok2/pietro2/M35/M35.pdf', '/images/imagemaps_apartments_structure/blok2/pietro2/M35/M35 - komórka.pdf', '2025-09-02 22:16:07'),
(82, 2, 6, 'M36', 47.72, 3, 362672, 'available', '/images/imagemaps_apartments_structure/blok2/pietro2/M36/M36.pdf', '/images/imagemaps_apartments_structure/blok2/pietro2/M36/M36 - komórka.pdf', '2025-09-02 22:16:07'),
(83, 2, 6, 'M37', 34.11, 2, 266058, 'available', '/images/imagemaps_apartments_structure/blok2/pietro2/M37/M37.pdf', '/images/imagemaps_apartments_structure/blok2/pietro2/M37/M37 - komórka.pdf', '2025-09-02 22:16:07'),
(84, 2, 6, 'M38', 44, 2, 334400, 'available', '/images/imagemaps_apartments_structure/blok2/pietro2/M38/M38.pdf', '/images/imagemaps_apartments_structure/blok2/pietro2/M38/M38 - komórka.pdf', '2025-09-02 22:16:07'),
(85, 2, 6, 'M39', 60.71, 3, 437112, 'available', '/images/imagemaps_apartments_structure/blok2/pietro2/M39/M39.pdf', '/images/imagemaps_apartments_structure/blok2/pietro2/M39/M39 - komórka.pdf', '2025-09-02 22:16:07');

-- Komórki
INSERT INTO storage_rooms (id, apartment_id, storage_number, area, pdf_path) VALUES
(1, 1, 'M1-komórka', NULL, '/images/imagemaps_apartments_structure/blok 1/parter/M1/M1 - komórka.pdf'),
(2, 2, 'M2-komórka', NULL, '/images/imagemaps_apartments_structure/blok 1/parter/M2/M2 - komórka.pdf'),
(3, 3, 'M3-komórka', NULL, '/images/imagemaps_apartments_structure/blok 1/parter/M3/M3 - komórka.pdf'),
(4, 4, 'M4-komórka', NULL, '/images/imagemaps_apartments_structure/blok 1/parter/M4/M4 - komórka.pdf'),
(5, 5, 'M5-komórka', NULL, '/images/imagemaps_apartments_structure/blok 1/parter/M5/M5 - komórka.pdf'),
(6, 6, 'M6-komórka', NULL, '/images/imagemaps_apartments_structure/blok 1/parter/M6/M6 - komórka.pdf'),
(7, 7, 'M7-komórka', NULL, '/images/imagemaps_apartments_structure/blok 1/parter/M7/M7 - komórka.pdf'),
(8, 8, 'M8-komórka', NULL, '/images/imagemaps_apartments_structure/blok 1/parter/M8/M8 - komórka.pdf'),
(9, 9, 'M25-komórka', NULL, '/images/imagemaps_apartments_structure/blok 1/parter/M25/M25 - komórka.pdf'),
(10, 10, 'M26-komórka', NULL, '/images/imagemaps_apartments_structure/blok 1/parter/M26/M26 - komórka.pdf'),
(11, 11, 'M27-komórka', NULL, '/images/imagemaps_apartments_structure/blok 1/parter/M27/M27 - komórka.pdf'),
(12, 12, 'M28-komórka', NULL, '/images/imagemaps_apartments_structure/blok 1/parter/M28/M28 - komórka.pdf'),
(13, 13, 'M29-komórka', NULL, '/images/imagemaps_apartments_structure/blok 1/parter/M29/M29 - komórka.pdf'),
(14, 14, 'M30-komórka', NULL, '/images/imagemaps_apartments_structure/blok 1/parter/M30/M30 - komórka.pdf'),
(15, 15, 'M31-komórka', NULL, '/images/imagemaps_apartments_structure/blok 1/parter/M31/M31 - komórka.pdf'),
(16, 16, 'M32-komórka', NULL, '/images/imagemaps_apartments_structure/blok 1/parter/M32/M32 - komórka.pdf'),
(17, 17, 'M9-komórka', NULL, '/images/imagemaps_apartments_structure/blok 1/pietro1/M9/M9 - komórka.pdf'),
(18, 18, 'M10-komórka', NULL, '/images/imagemaps_apartments_structure/blok 1/pietro1/M10/M10 - komórka.pdf'),
(19, 19, 'M11-komórka', NULL, '/images/imagemaps_apartments_structure/blok 1/pietro1/M11/M11 - komórka.pdf'),
(20, 20, 'M12-komórka', NULL, '/images/imagemaps_apartments_structure/blok 1/pietro1/M12/M12 - komórka.pdf'),
(21, 21, 'M13-komórka', NULL, '/images/imagemaps_apartments_structure/blok 1/pietro1/M13/M13 - komórka.pdf'),
(22, 22, 'M14-komórka', NULL, '/images/imagemaps_apartments_structure/blok 1/pietro1/M14/M14 - komórka.pdf'),
(23, 23, 'M15-komórka', NULL, '/images/imagemaps_apartments_structure/blok 1/pietro1/M15/M15 - komórka.pdf'),
(24, 24, 'M16-komórka', NULL, '/images/imagemaps_apartments_structure/blok 1/pietro1/M16/M16 - komórka.pdf'),
(25, 25, 'M33-komórka', NULL, '/images/imagemaps_apartments_structure/blok 1/pietro1/M33/M33 - komórka.pdf'),
(26, 26, 'M34-komórka', NULL, '/images/imagemaps_apartments_structure/blok 1/pietro1/M34/M34 - komórka.pdf'),
(27, 27, 'M35-komórka', NULL, '/images/imagemaps_apartments_structure/blok 1/pietro1/M35/M35 - komórka.pdf'),
(28, 28, 'M36-komórka', NULL, '/images/imagemaps_apartments_structure/blok 1/pietro1/M36/M36 - komórka.pdf'),
(29, 29, 'M37-komórka', NULL, '/images/imagemaps_apartments_structure/blok 1/pietro1/M37/M37 - komórka.pdf'),
(30, 30, 'M38-komórka', NULL, '/images/imagemaps_apartments_structure/blok 1/pietro1/M38/M38 - komórka.pdf'),
(31, 31, 'M39-komórka', NULL, '/images/imagemaps_apartments_structure/blok 1/pietro1/M39/M39 - komórka.pdf'),
(32, 32, 'M40-komórka', NULL, '/images/imagemaps_apartments_structure/blok 1/pietro1/M40/M40 - komórka.pdf'),
(33, 33, 'M17-komórka', NULL, '/images/imagemaps_apartments_structure/blok 1/pietro2/M17/M17 - komórka.pdf'),
(34, 34, 'M18-komórka', NULL, '/images/imagemaps_apartments_structure/blok 1/pietro2/M18/M18 - komórka.pdf'),
(35, 35, 'M19-komórka', NULL, '/images/imagemaps_apartments_structure/blok 1/pietro2/M19/M19 - komórka.pdf'),
(36, 36, 'M20-komórka', NULL, '/images/imagemaps_apartments_structure/blok 1/pietro2/M20/M20 - komórka.pdf'),
(37, 37, 'M21-komórka', NULL, '/images/imagemaps_apartments_structure/blok 1/pietro2/M21/M21 - komórka.pdf'),
(38, 38, 'M22-komórka', NULL, '/images/imagemaps_apartments_structure/blok 1/pietro2/M22/M22 - komórka.pdf'),
(39, 39, 'M23.24-komórka', NULL, '/images/imagemaps_apartments_structure/blok 1/pietro2/M23.24/M23.24 - komórka.pdf'),
(40, 40, 'M41-komórka', NULL, '/images/imagemaps_apartments_structure/blok 1/pietro2/M41/M41 - komórka.pdf'),
(41, 41, 'M42-komórka', NULL, '/images/imagemaps_apartments_structure/blok 1/pietro2/M42/M42 - komórka.pdf'),
(42, 42, 'M43-komórka', NULL, '/images/imagemaps_apartments_structure/blok 1/pietro2/M43/M43 - komórka.pdf'),
(43, 43, 'M44-komórka', NULL, '/images/imagemaps_apartments_structure/blok 1/pietro2/M44/M44 - komórka.pdf'),
(44, 44, 'M45-komórka', NULL, '/images/imagemaps_apartments_structure/blok 1/pietro2/M45/M45 - komórka.pdf'),
(45, 45, 'M46-komórka', NULL, '/images/imagemaps_apartments_structure/blok 1/pietro2/M46/M46 - komórka.pdf'),
(46, 46, 'M47.48-komórka', NULL, '/images/imagemaps_apartments_structure/blok 1/pietro2/M47.48/M47.48 - komórka.pdf'),
(47, 47, 'M1-komórka', NULL, '/images/imagemaps_apartments_structure/blok 2/parter/M1/M1 - komórka.pdf'),
(48, 48, 'M2-komórka', NULL, '/images/imagemaps_apartments_structure/blok 2/parter/M2/M2 - komórka.pdf'),
(49, 49, 'M3-komórka', NULL, '/images/imagemaps_apartments_structure/blok 2/parter/M3/M3 - komórka.pdf'),
(50, 50, 'M4-komórka', NULL, '/images/imagemaps_apartments_structure/blok 2/parter/M4/M4 - komórka.pdf'),
(51, 51, 'M5-komórka', NULL, '/images/imagemaps_apartments_structure/blok 2/parter/M5/M5 - komórka.pdf'),
(52, 52, 'M6-komórka', NULL, '/images/imagemaps_apartments_structure/blok 2/parter/M6/M6 - komórka.pdf'),
(53, 53, 'M7-komórka', NULL, '/images/imagemaps_apartments_structure/blok 2/parter/M7/M7 - komórka.pdf'),
(54, 54, 'M22-komórka', NULL, '/images/imagemaps_apartments_structure/blok 2/parter/M22/M22 - komórka.pdf'),
(55, 55, 'M23-komórka', NULL, '/images/imagemaps_apartments_structure/blok 2/parter/M23/M23 - komórka.pdf'),
(56, 56, 'M24-komórka', NULL, '/images/imagemaps_apartments_structure/blok 2/parter/M24/M24 - komórka.pdf'),
(57, 57, 'M25-komórka', NULL, '/images/imagemaps_apartments_structure/blok 2/parter/M25/M25 - komórka.pdf'),
(58, 58, 'M26-komórka', NULL, '/images/imagemaps_apartments_structure/blok 2/parter/M26/M26 - komórka.pdf'),
(59, 59, 'M27-komórka', NULL, '/images/imagemaps_apartments_structure/blok 2/parter/M27/M27 - komórka.pdf'),
(60, 60, 'M8-komórka', NULL, '/images/imagemaps_apartments_structure/blok 2/pietro1/M8/M8 - komórka.pdf'),
(61, 61, 'M9-komórka', NULL, '/images/imagemaps_apartments_structure/blok 2/pietro1/M9/M9 - komórka.pdf'),
(62, 62, 'M10-komórka', NULL, '/images/imagemaps_apartments_structure/blok 2/pietro1/M10/M10 - komórka.pdf'),
(63, 63, 'M11-komórka', NULL, '/images/imagemaps_apartments_structure/blok 2/pietro1/M11/M11 - komórka.pdf'),
(64, 64, 'M12-komórka', NULL, '/images/imagemaps_apartments_structure/blok 2/pietro1/M12/M12 - komórka.pdf'),
(65, 65, 'M13-komórka', NULL, '/images/imagemaps_apartments_structure/blok 2/pietro1/M13/M13 - komórka.pdf'),
(66, 66, 'M14-komórka', NULL, '/images/imagemaps_apartments_structure/blok 2/pietro1/M14/M14 - komórka.pdf'),
(67, 67, 'M28-komórka', NULL, '/images/imagemaps_apartments_structure/blok 2/pietro1/M28/M28 - komórka.pdf'),
(68, 68, 'M29-komórka', NULL, '/images/imagemaps_apartments_structure/blok 2/pietro1/M29/M29 - komórka.pdf'),
(69, 69, 'M30-komórka', NULL, '/images/imagemaps_apartments_structure/blok 2/pietro1/M30/M30 - komórka.pdf'),
(70, 70, 'M31-komórka', NULL, '/images/imagemaps_apartments_structure/blok 2/pietro1/M31/M31 - komórka.pdf'),
(71, 71, 'M32-komórka', NULL, '/images/imagemaps_apartments_structure/blok 2/pietro1/M32/M32 - komórka.pdf'),
(72, 72, 'M33-komórka', NULL, '/images/imagemaps_apartments_structure/blok 2/pietro1/M33/M33 - komórka.pdf'),
(73, 73, 'M15-komórka', NULL, '/images/imagemaps_apartments_structure/blok 2/pietro2/M15/M15 - komórka.pdf'),
(74, 74, 'M16-komórka', NULL, '/images/imagemaps_apartments_structure/blok 2/pietro2/M16/M16 - komórka.pdf'),
(75, 75, 'M17-komórka', NULL, '/images/imagemaps_apartments_structure/blok 2/pietro2/M17/M17 - komórka.pdf'),
(76, 76, 'M18-komórka', NULL, '/images/imagemaps_apartments_structure/blok 2/pietro2/M18/M18 - komórka.pdf'),
(77, 77, 'M19-komórka', NULL, '/images/imagemaps_apartments_structure/blok 2/pietro2/M19/M19 - komórka.pdf'),
(78, 78, 'M20-komórka', NULL, '/images/imagemaps_apartments_structure/blok 2/pietro2/M20/M20 - komórka.pdf'),
(79, 79, 'M21-komórka', NULL, '/images/imagemaps_apartments_structure/blok 2/pietro2/M21/M21 - komórka.pdf'),
(80, 80, 'M34-komórka', NULL, '/images/imagemaps_apartments_structure/blok 2/pietro2/M34/M34 - komórka.pdf'),
(81, 81, 'M35-komórka', NULL, '/images/imagemaps_apartments_structure/blok 2/pietro2/M35/M35 - komórka.pdf'),
(82, 82, 'M36-komórka', NULL, '/images/imagemaps_apartments_structure/blok 2/pietro2/M36/M36 - komórka.pdf'),
(83, 83, 'M37-komórka', NULL, '/images/imagemaps_apartments_structure/blok 2/pietro2/M37/M37 - komórka.pdf'),
(84, 84, 'M38-komórka', NULL, '/images/imagemaps_apartments_structure/blok 2/pietro2/M38/M38 - komórka.pdf'),
(85, 85, 'M39-komórka', NULL, '/images/imagemaps_apartments_structure/blok 2/pietro2/M39/M39 - komórka.pdf');

-- Ustaw sekwencje
SELECT setval('blocks_id_seq', 2, true);
SELECT setval('floors_id_seq', 8, true);
SELECT setval('apartments_id_seq', 85, true);
SELECT setval('storage_rooms_id_seq', 85, true);
